Image,Cells Âµm^2
A2780cis_20and30_IC25treated_Day10_25_FITC_Tile-0_A1.tif,1797.4402777777775
A2780cis_20and30_IC25treated_Day10_25_FITC_Tile-0_A2.tif,1878.230555555556
A2780cis_20and30_IC25treated_Day10_25_FITC_Tile-0_A3.tif,1327.9604166666666
A2780cis_20and30_IC25treated_Day10_25_FITC_Tile-0_B1.tif,2113.24375
A2780cis_20and30_IC25treated_Day10_25_FITC_Tile-0_B2.tif,1784.2555555555557
A2780cis_20and30_IC25treated_Day10_25_FITC_Tile-0_B3.tif,1996.059722222222
A2780cis_20and30_IC25treated_Day10_25_FITC_Tile-1_A1.tif,1624.117361111111
A2780cis_20and30_IC25treated_Day10_25_FITC_Tile-1_A2.tif,1908.4125
A2780cis_20and30_IC25treated_Day10_25_FITC_Tile-1_A3.tif,1449.3944444444444
A2780cis_20and30_IC25treated_Day10_25_FITC_Tile-1_B1.tif,1445.0104166666667
A2780cis_20and30_IC25treated_Day10_25_FITC_Tile-1_B2.tif,1019.9513888888888
A2780cis_20and30_IC25treated_Day10_25_FITC_Tile-1_B3.tif,1600.3833333333334
A2780cis_20and30_IC25treated_Day10_25_FITC_Tile-2_A1.tif,1763.0819444444444
A2780cis_20and30_IC25treated_Day10_25_FITC_Tile-2_A2.tif,2728.0763888888887
A2780cis_20and30_IC25treated_Day10_25_FITC_Tile-2_A3.tif,2055.863888888889
A2780cis_20and30_IC25treated_Day10_25_FITC_Tile-2_B1.tif,2755.493055555556
A2780cis_20and30_IC25treated_Day10_25_FITC_Tile-2_B2.tif,2164.3847222222225
A2780cis_20and30_IC25treated_Day10_25_FITC_Tile-2_B3.tif,2341.636805555556
A2780cis_20and30_IC25treated_Day10_25_FITC_Tile-3_A1.tif,1900.7868055555557
A2780cis_20and30_IC25treated_Day10_25_FITC_Tile-3_A2.tif,1611.0069444444443
A2780cis_20and30_IC25treated_Day10_25_FITC_Tile-3_A3.tif,2154.233333333333
A2780cis_20and30_IC25treated_Day10_25_FITC_Tile-3_B1.tif,2024.5388888888888
A2780cis_20and30_IC25treated_Day10_25_FITC_Tile-3_B2.tif,1636.3215277777776
A2780cis_20and30_IC25treated_Day10_25_FITC_Tile-3_B3.tif,1495.0680555555557
A2780cis_20and30_IC25treated_Day10_25_FITC_Tile-4_A1.tif,2039.4125
A2780cis_20and30_IC25treated_Day10_25_FITC_Tile-4_A2.tif,2215.5993055555555
A2780cis_20and30_IC25treated_Day10_25_FITC_Tile-4_A3.tif,2422.1381944444447
A2780cis_20and30_IC25treated_Day10_25_FITC_Tile-4_B1.tif,2095.6256944444444
A2780cis_20and30_IC25treated_Day10_25_FITC_Tile-4_B2.tif,2743.359722222222
A2780cis_20and30_IC25treated_Day10_25_FITC_Tile-4_B3.tif,2165.1256944444444
A2780cis_20and30_IC25treated_Day10_25_FITC_Tile-5_A1.tif,1452.7979166666669
A2780cis_20and30_IC25treated_Day10_25_FITC_Tile-5_A2.tif,1692.5875
A2780cis_20and30_IC25treated_Day10_25_FITC_Tile-5_A3.tif,1912.6875
A2780cis_20and30_IC25treated_Day10_25_FITC_Tile-5_B1.tif,2297.145138888889
A2780cis_20and30_IC25treated_Day10_25_FITC_Tile-5_B2.tif,1694.6472222222224
A2780cis_20and30_IC25treated_Day10_25_FITC_Tile-5_B3.tif,1858.034027777778
A2780cis_20and30_IC25treated_Day11_25_FITC_Tile-0_A1.tif,2426.624305555556
A2780cis_20and30_IC25treated_Day11_25_FITC_Tile-0_A2.tif,3194.882638888889
A2780cis_20and30_IC25treated_Day11_25_FITC_Tile-0_A3.tif,2729.9069444444444
A2780cis_20and30_IC25treated_Day11_25_FITC_Tile-0_B1.tif,2896.9861111111118
A2780cis_20and30_IC25treated_Day11_25_FITC_Tile-0_B2.tif,2049.4444444444443
A2780cis_20and30_IC25treated_Day11_25_FITC_Tile-0_B3.tif,2535.498611111111
A2780cis_20and30_IC25treated_Day11_25_FITC_Tile-1_A1.tif,2490.15625
A2780cis_20and30_IC25treated_Day11_25_FITC_Tile-1_A2.tif,2633.645833333333
A2780cis_20and30_IC25treated_Day11_25_FITC_Tile-1_A3.tif,2557.5645833333333
A2780cis_20and30_IC25treated_Day11_25_FITC_Tile-1_B1.tif,2147.277777777778
A2780cis_20and30_IC25treated_Day11_25_FITC_Tile-1_B2.tif,1600.4604166666666
A2780cis_20and30_IC25treated_Day11_25_FITC_Tile-1_B3.tif,2056.713888888889
A2780cis_20and30_IC25treated_Day11_25_FITC_Tile-2_A1.tif,3100.6854166666667
A2780cis_20and30_IC25treated_Day11_25_FITC_Tile-2_A2.tif,2968.8034722222224
A2780cis_20and30_IC25treated_Day11_25_FITC_Tile-2_A3.tif,2836.279861111111
A2780cis_20and30_IC25treated_Day11_25_FITC_Tile-2_B1.tif,3058.436805555556
A2780cis_20and30_IC25treated_Day11_25_FITC_Tile-2_B2.tif,3286.145138888889
A2780cis_20and30_IC25treated_Day11_25_FITC_Tile-2_B3.tif,3190.124305555556
A2780cis_20and30_IC25treated_Day11_25_FITC_Tile-3_A1.tif,2441.371527777778
A2780cis_20and30_IC25treated_Day11_25_FITC_Tile-3_A2.tif,2952.8500000000004
A2780cis_20and30_IC25treated_Day11_25_FITC_Tile-3_A3.tif,2859.534722222222
A2780cis_20and30_IC25treated_Day11_25_FITC_Tile-3_B1.tif,2808.6937500000004
A2780cis_20and30_IC25treated_Day11_25_FITC_Tile-3_B2.tif,2191.6819444444445
A2780cis_20and30_IC25treated_Day11_25_FITC_Tile-3_B3.tif,2182.641666666667
A2780cis_20and30_IC25treated_Day11_25_FITC_Tile-4_A1.tif,2797.177777777777
A2780cis_20and30_IC25treated_Day11_25_FITC_Tile-4_A2.tif,3208.208333333333
A2780cis_20and30_IC25treated_Day11_25_FITC_Tile-4_A3.tif,2857.651388888889
A2780cis_20and30_IC25treated_Day11_25_FITC_Tile-4_B1.tif,2510.1347222222225
A2780cis_20and30_IC25treated_Day11_25_FITC_Tile-4_B2.tif,2689.213888888889
A2780cis_20and30_IC25treated_Day11_25_FITC_Tile-4_B3.tif,2873.368055555556
A2780cis_20and30_IC25treated_Day11_25_FITC_Tile-5_A1.tif,1858.23125
A2780cis_20and30_IC25treated_Day11_25_FITC_Tile-5_A2.tif,2259.029861111111
A2780cis_20and30_IC25treated_Day11_25_FITC_Tile-5_A3.tif,2315.577777777778
A2780cis_20and30_IC25treated_Day11_25_FITC_Tile-5_B1.tif,2781.675694444444
A2780cis_20and30_IC25treated_Day11_25_FITC_Tile-5_B2.tif,2218.713888888889
A2780cis_20and30_IC25treated_Day11_25_FITC_Tile-5_B3.tif,2590.65
A2780cis_20and30_IC25treated_Day12_25_FITC_Tile-0_A1.tif,1626.554861111111
A2780cis_20and30_IC25treated_Day12_25_FITC_Tile-0_A2.tif,3246.626388888889
A2780cis_20and30_IC25treated_Day12_25_FITC_Tile-0_A3.tif,2477.7229166666666
A2780cis_20and30_IC25treated_Day12_25_FITC_Tile-0_B1.tif,2844.7131944444445
A2780cis_20and30_IC25treated_Day12_25_FITC_Tile-0_B2.tif,1554.1694444444445
A2780cis_20and30_IC25treated_Day12_25_FITC_Tile-0_B3.tif,1562.709027777778
A2780cis_20and30_IC25treated_Day12_25_FITC_Tile-1_A1.tif,2312.1069444444447
A2780cis_20and30_IC25treated_Day12_25_FITC_Tile-1_A2.tif,2500.29375
A2780cis_20and30_IC25treated_Day12_25_FITC_Tile-1_A3.tif,2007.5375
A2780cis_20and30_IC25treated_Day12_25_FITC_Tile-1_B1.tif,2095.004861111111
A2780cis_20and30_IC25treated_Day12_25_FITC_Tile-1_B2.tif,2179.3541666666665
A2780cis_20and30_IC25treated_Day12_25_FITC_Tile-1_B3.tif,1995.6791666666663
A2780cis_20and30_IC25treated_Day12_25_FITC_Tile-2_A1.tif,2879.9006944444445
A2780cis_20and30_IC25treated_Day12_25_FITC_Tile-2_A2.tif,3128.7159722222223
A2780cis_20and30_IC25treated_Day12_25_FITC_Tile-2_A3.tif,2846.741666666667
A2780cis_20and30_IC25treated_Day12_25_FITC_Tile-2_B1.tif,3040.4159722222225
A2780cis_20and30_IC25treated_Day12_25_FITC_Tile-2_B2.tif,2897.51875
A2780cis_20and30_IC25treated_Day12_25_FITC_Tile-2_B3.tif,3032.8541666666665
A2780cis_20and30_IC25treated_Day12_25_FITC_Tile-3_A1.tif,2339.1076388888887
A2780cis_20and30_IC25treated_Day12_25_FITC_Tile-3_A2.tif,2677.99375
A2780cis_20and30_IC25treated_Day12_25_FITC_Tile-3_A3.tif,2479.0597222222223
A2780cis_20and30_IC25treated_Day12_25_FITC_Tile-3_B1.tif,2515.8416666666667
A2780cis_20and30_IC25treated_Day12_25_FITC_Tile-3_B2.tif,2224.488194444444
A2780cis_20and30_IC25treated_Day12_25_FITC_Tile-3_B3.tif,1286.6534722222225
A2780cis_20and30_IC25treated_Day12_25_FITC_Tile-4_A1.tif,3209.5625
A2780cis_20and30_IC25treated_Day12_25_FITC_Tile-4_A2.tif,3089.8180555555555
A2780cis_20and30_IC25treated_Day12_25_FITC_Tile-4_A3.tif,2671.8104166666667
A2780cis_20and30_IC25treated_Day12_25_FITC_Tile-4_B1.tif,2267.925694444444
A2780cis_20and30_IC25treated_Day12_25_FITC_Tile-4_B2.tif,2190.672916666667
A2780cis_20and30_IC25treated_Day12_25_FITC_Tile-4_B3.tif,2876.7472222222223
A2780cis_20and30_IC25treated_Day12_25_FITC_Tile-5_A1.tif,2161.9125000000004
A2780cis_20and30_IC25treated_Day12_25_FITC_Tile-5_A2.tif,2040.9013888888887
A2780cis_20and30_IC25treated_Day12_25_FITC_Tile-5_A3.tif,2292.09375
A2780cis_20and30_IC25treated_Day12_25_FITC_Tile-5_B1.tif,2218.516666666667
A2780cis_20and30_IC25treated_Day12_25_FITC_Tile-5_B2.tif,1750.2430555555557
A2780cis_20and30_IC25treated_Day12_25_FITC_Tile-5_B3.tif,1864.2979166666669
A2780cis_20and30_IC25treated_Day13_25_FITC_Tile-0_A1.tif,1788.7527777777775
A2780cis_20and30_IC25treated_Day13_25_FITC_Tile-0_A2.tif,3869.261111111111
A2780cis_20and30_IC25treated_Day13_25_FITC_Tile-0_A3.tif,3358.5583333333334
A2780cis_20and30_IC25treated_Day13_25_FITC_Tile-0_B1.tif,3186.276388888889
A2780cis_20and30_IC25treated_Day13_25_FITC_Tile-0_B2.tif,2887.477083333333
A2780cis_20and30_IC25treated_Day13_25_FITC_Tile-0_B3.tif,2638.5104166666665
A2780cis_20and30_IC25treated_Day13_25_FITC_Tile-1_A1.tif,2919.733333333333
A2780cis_20and30_IC25treated_Day13_25_FITC_Tile-1_A2.tif,3147.5444444444447
A2780cis_20and30_IC25treated_Day13_25_FITC_Tile-1_A3.tif,2935.140277777778
A2780cis_20and30_IC25treated_Day13_25_FITC_Tile-1_B1.tif,2136.639583333333
A2780cis_20and30_IC25treated_Day13_25_FITC_Tile-1_B2.tif,2204.164583333333
A2780cis_20and30_IC25treated_Day13_25_FITC_Tile-1_B3.tif,2742.5131944444447
A2780cis_20and30_IC25treated_Day13_25_FITC_Tile-2_A1.tif,3532.2375
A2780cis_20and30_IC25treated_Day13_25_FITC_Tile-2_A2.tif,3743.371527777778
A2780cis_20and30_IC25treated_Day13_25_FITC_Tile-2_A3.tif,3642.6847222222223
A2780cis_20and30_IC25treated_Day13_25_FITC_Tile-2_B1.tif,3509.6388888888887
A2780cis_20and30_IC25treated_Day13_25_FITC_Tile-2_B2.tif,3251.7868055555555
A2780cis_20and30_IC25treated_Day13_25_FITC_Tile-2_B3.tif,3376.8930555555557
A2780cis_20and30_IC25treated_Day13_25_FITC_Tile-3_A1.tif,3682.922916666667
A2780cis_20and30_IC25treated_Day13_25_FITC_Tile-3_A2.tif,3367.7819444444444
A2780cis_20and30_IC25treated_Day13_25_FITC_Tile-3_A3.tif,3327.184027777778
A2780cis_20and30_IC25treated_Day13_25_FITC_Tile-3_B1.tif,2775.164583333333
A2780cis_20and30_IC25treated_Day13_25_FITC_Tile-3_B2.tif,2464.926388888889
A2780cis_20and30_IC25treated_Day13_25_FITC_Tile-3_B3.tif,2304.491666666667
A2780cis_20and30_IC25treated_Day13_25_FITC_Tile-4_A1.tif,3693.553472222222
A2780cis_20and30_IC25treated_Day13_25_FITC_Tile-4_A2.tif,3464.3145833333333
A2780cis_20and30_IC25treated_Day13_25_FITC_Tile-4_A3.tif,3121.114583333333
A2780cis_20and30_IC25treated_Day13_25_FITC_Tile-4_B1.tif,3298.539583333333
A2780cis_20and30_IC25treated_Day13_25_FITC_Tile-4_B2.tif,3107.084027777777
A2780cis_20and30_IC25treated_Day13_25_FITC_Tile-4_B3.tif,3108.177083333333
A2780cis_20and30_IC25treated_Day13_25_FITC_Tile-5_A1.tif,3009.7229166666666
A2780cis_20and30_IC25treated_Day13_25_FITC_Tile-5_A2.tif,2680.9034722222223
A2780cis_20and30_IC25treated_Day13_25_FITC_Tile-5_A3.tif,2842.780555555556
A2780cis_20and30_IC25treated_Day13_25_FITC_Tile-5_B1.tif,2926.5652777777777
A2780cis_20and30_IC25treated_Day13_25_FITC_Tile-5_B2.tif,2605.7604166666665
A2780cis_20and30_IC25treated_Day13_25_FITC_Tile-5_B3.tif,2369.363888888889
A2780cis_20and30_IC25treated_Day14_25_FITC_Tile-0_A1.tif,2194.493055555556
A2780cis_20and30_IC25treated_Day14_25_FITC_Tile-0_A2.tif,3692.718055555556
A2780cis_20and30_IC25treated_Day14_25_FITC_Tile-0_A3.tif,3843.343055555556
A2780cis_20and30_IC25treated_Day14_25_FITC_Tile-0_B1.tif,3891.0833333333335
A2780cis_20and30_IC25treated_Day14_25_FITC_Tile-0_B2.tif,3502.775
A2780cis_20and30_IC25treated_Day14_25_FITC_Tile-0_B3.tif,4204.615972222222
A2780cis_20and30_IC25treated_Day14_25_FITC_Tile-1_A1.tif,2405.4506944444447
A2780cis_20and30_IC25treated_Day14_25_FITC_Tile-1_A2.tif,3599.4375
A2780cis_20and30_IC25treated_Day14_25_FITC_Tile-1_A3.tif,3607.296527777778
A2780cis_20and30_IC25treated_Day14_25_FITC_Tile-1_B1.tif,3551.164583333333
A2780cis_20and30_IC25treated_Day14_25_FITC_Tile-1_B2.tif,3253.179861111111
A2780cis_20and30_IC25treated_Day14_25_FITC_Tile-1_B3.tif,4191.646527777778
A2780cis_20and30_IC25treated_Day14_25_FITC_Tile-2_A1.tif,3642.261111111111
A2780cis_20and30_IC25treated_Day14_25_FITC_Tile-2_A2.tif,3893.5527777777775
A2780cis_20and30_IC25treated_Day14_25_FITC_Tile-2_A3.tif,3747.960416666667
A2780cis_20and30_IC25treated_Day14_25_FITC_Tile-2_B1.tif,3743.036805555556
A2780cis_20and30_IC25treated_Day14_25_FITC_Tile-2_B2.tif,4337.030555555556
A2780cis_20and30_IC25treated_Day14_25_FITC_Tile-2_B3.tif,4206.502777777778
A2780cis_20and30_IC25treated_Day14_25_FITC_Tile-3_A1.tif,3497.5090277777776
A2780cis_20and30_IC25treated_Day14_25_FITC_Tile-3_A2.tif,3000.3576388888887
A2780cis_20and30_IC25treated_Day14_25_FITC_Tile-3_A3.tif,3783.161805555556
A2780cis_20and30_IC25treated_Day14_25_FITC_Tile-3_B1.tif,3468.765972222222
A2780cis_20and30_IC25treated_Day14_25_FITC_Tile-3_B2.tif,3516.3229166666665
A2780cis_20and30_IC25treated_Day14_25_FITC_Tile-3_B3.tif,3370.547222222222
A2780cis_20and30_IC25treated_Day14_25_FITC_Tile-4_A1.tif,3119.1534722222223
A2780cis_20and30_IC25treated_Day14_25_FITC_Tile-4_A2.tif,2706.4402777777777
A2780cis_20and30_IC25treated_Day14_25_FITC_Tile-4_A3.tif,2559.0881944444445
A2780cis_20and30_IC25treated_Day14_25_FITC_Tile-4_B1.tif,2699.0756944444447
A2780cis_20and30_IC25treated_Day14_25_FITC_Tile-4_B2.tif,2887.670833333333
A2780cis_20and30_IC25treated_Day14_25_FITC_Tile-4_B3.tif,3324.2
A2780cis_20and30_IC25treated_Day14_25_FITC_Tile-5_A1.tif,2809.209027777777
A2780cis_20and30_IC25treated_Day14_25_FITC_Tile-5_A2.tif,2293.6847222222223
A2780cis_20and30_IC25treated_Day14_25_FITC_Tile-5_A3.tif,2697.008333333333
A2780cis_20and30_IC25treated_Day14_25_FITC_Tile-5_B1.tif,2157.0694444444443
A2780cis_20and30_IC25treated_Day14_25_FITC_Tile-5_B2.tif,2420.328472222222
A2780cis_20and30_IC25treated_Day14_25_FITC_Tile-5_B3.tif,3085.875
A2780cis_20and30_IC25treated_Day1_25_FITC_Tile-0_A1.tif,58.62916666666667
A2780cis_20and30_IC25treated_Day1_25_FITC_Tile-0_A2.tif,63.46111111111111
A2780cis_20and30_IC25treated_Day1_25_FITC_Tile-0_A3.tif,78.59305555555555
A2780cis_20and30_IC25treated_Day1_25_FITC_Tile-0_B1.tif,69.82083333333334
A2780cis_20and30_IC25treated_Day1_25_FITC_Tile-0_B2.tif,65.09444444444445
A2780cis_20and30_IC25treated_Day1_25_FITC_Tile-0_B3.tif,124.75
A2780cis_20and30_IC25treated_Day1_25_FITC_Tile-1_A1.tif,87.38958333333333
A2780cis_20and30_IC25treated_Day1_25_FITC_Tile-1_A2.tif,81.86250000000001
A2780cis_20and30_IC25treated_Day1_25_FITC_Tile-1_A3.tif,67.78888888888889
A2780cis_20and30_IC25treated_Day1_25_FITC_Tile-1_B1.tif,75.32291666666667
A2780cis_20and30_IC25treated_Day1_25_FITC_Tile-1_B2.tif,56.20902777777778
A2780cis_20and30_IC25treated_Day1_25_FITC_Tile-1_B3.tif,89.51666666666667
A2780cis_20and30_IC25treated_Day1_25_FITC_Tile-2_A1.tif,48.59444444444445
A2780cis_20and30_IC25treated_Day1_25_FITC_Tile-2_A2.tif,82.77638888888889
A2780cis_20and30_IC25treated_Day1_25_FITC_Tile-2_A3.tif,76.5611111111111
A2780cis_20and30_IC25treated_Day1_25_FITC_Tile-2_B1.tif,96.79305555555555
A2780cis_20and30_IC25treated_Day1_25_FITC_Tile-2_B2.tif,74.20138888888889
A2780cis_20and30_IC25treated_Day1_25_FITC_Tile-2_B3.tif,72.29305555555555
A2780cis_20and30_IC25treated_Day1_25_FITC_Tile-3_A1.tif,84.75833333333334
A2780cis_20and30_IC25treated_Day1_25_FITC_Tile-3_A2.tif,46.90138888888889
A2780cis_20and30_IC25treated_Day1_25_FITC_Tile-3_A3.tif,40.30555555555556
A2780cis_20and30_IC25treated_Day1_25_FITC_Tile-3_B1.tif,59.50694444444444
A2780cis_20and30_IC25treated_Day1_25_FITC_Tile-3_B2.tif,77.03055555555555
A2780cis_20and30_IC25treated_Day1_25_FITC_Tile-3_B3.tif,74.0638888888889
A2780cis_20and30_IC25treated_Day1_25_FITC_Tile-4_A1.tif,62.16319444444444
A2780cis_20and30_IC25treated_Day1_25_FITC_Tile-4_A2.tif,80.94236111111111
A2780cis_20and30_IC25treated_Day1_25_FITC_Tile-4_A3.tif,47.29583333333333
A2780cis_20and30_IC25treated_Day1_25_FITC_Tile-4_B1.tif,83.52777777777777
A2780cis_20and30_IC25treated_Day1_25_FITC_Tile-4_B2.tif,49.75833333333333
A2780cis_20and30_IC25treated_Day1_25_FITC_Tile-4_B3.tif,55.95902777777778
A2780cis_20and30_IC25treated_Day1_25_FITC_Tile-5_A1.tif,44.52708333333333
A2780cis_20and30_IC25treated_Day1_25_FITC_Tile-5_A2.tif,69.36597222222223
A2780cis_20and30_IC25treated_Day1_25_FITC_Tile-5_A3.tif,67.44027777777778
A2780cis_20and30_IC25treated_Day1_25_FITC_Tile-5_B1.tif,88.1625
A2780cis_20and30_IC25treated_Day1_25_FITC_Tile-5_B2.tif,72.16319444444444
A2780cis_20and30_IC25treated_Day1_25_FITC_Tile-5_B3.tif,45.75138888888889
A2780cis_20and30_IC25treated_Day2_25_FITC_Tile-0_A1.tif,107.21597222222222
A2780cis_20and30_IC25treated_Day2_25_FITC_Tile-0_A2.tif,195.75208333333333
A2780cis_20and30_IC25treated_Day2_25_FITC_Tile-0_A3.tif,171.55208333333334
A2780cis_20and30_IC25treated_Day2_25_FITC_Tile-0_B1.tif,133.97708333333333
A2780cis_20and30_IC25treated_Day2_25_FITC_Tile-0_B2.tif,103.34652777777778
A2780cis_20and30_IC25treated_Day2_25_FITC_Tile-0_B3.tif,198.40138888888887
A2780cis_20and30_IC25treated_Day2_25_FITC_Tile-1_A1.tif,157.85277777777776
A2780cis_20and30_IC25treated_Day2_25_FITC_Tile-1_A2.tif,142.27638888888887
A2780cis_20and30_IC25treated_Day2_25_FITC_Tile-1_A3.tif,121.26875
A2780cis_20and30_IC25treated_Day2_25_FITC_Tile-1_B1.tif,126.97569444444444
A2780cis_20and30_IC25treated_Day2_25_FITC_Tile-1_B2.tif,121.8152777777778
A2780cis_20and30_IC25treated_Day2_25_FITC_Tile-1_B3.tif,154.38194444444446
A2780cis_20and30_IC25treated_Day2_25_FITC_Tile-2_A1.tif,150.8125
A2780cis_20and30_IC25treated_Day2_25_FITC_Tile-2_A2.tif,129.08472222222224
A2780cis_20and30_IC25treated_Day2_25_FITC_Tile-2_A3.tif,133.80763888888887
A2780cis_20and30_IC25treated_Day2_25_FITC_Tile-2_B1.tif,213.96666666666667
A2780cis_20and30_IC25treated_Day2_25_FITC_Tile-2_B2.tif,161.01666666666668
A2780cis_20and30_IC25treated_Day2_25_FITC_Tile-2_B3.tif,153.54930555555555
A2780cis_20and30_IC25treated_Day2_25_FITC_Tile-3_A1.tif,162.13125000000002
A2780cis_20and30_IC25treated_Day2_25_FITC_Tile-3_A2.tif,124.94722222222224
A2780cis_20and30_IC25treated_Day2_25_FITC_Tile-3_A3.tif,65.51388888888889
A2780cis_20and30_IC25treated_Day2_25_FITC_Tile-3_B1.tif,121.03194444444443
A2780cis_20and30_IC25treated_Day2_25_FITC_Tile-3_B2.tif,140.0013888888889
A2780cis_20and30_IC25treated_Day2_25_FITC_Tile-3_B3.tif,159.99374999999998
A2780cis_20and30_IC25treated_Day2_25_FITC_Tile-4_A1.tif,174.30694444444444
A2780cis_20and30_IC25treated_Day2_25_FITC_Tile-4_A2.tif,145.32777777777778
A2780cis_20and30_IC25treated_Day2_25_FITC_Tile-4_A3.tif,119.71666666666668
A2780cis_20and30_IC25treated_Day2_25_FITC_Tile-4_B1.tif,179.5201388888889
A2780cis_20and30_IC25treated_Day2_25_FITC_Tile-4_B2.tif,147.37291666666667
A2780cis_20and30_IC25treated_Day2_25_FITC_Tile-4_B3.tif,128.1888888888889
A2780cis_20and30_IC25treated_Day2_25_FITC_Tile-5_A1.tif,115.68819444444443
A2780cis_20and30_IC25treated_Day2_25_FITC_Tile-5_A2.tif,99.87222222222222
A2780cis_20and30_IC25treated_Day2_25_FITC_Tile-5_A3.tif,131.22222222222223
A2780cis_20and30_IC25treated_Day2_25_FITC_Tile-5_B1.tif,156.76597222222222
A2780cis_20and30_IC25treated_Day2_25_FITC_Tile-5_B2.tif,153.90208333333334
A2780cis_20and30_IC25treated_Day2_25_FITC_Tile-5_B3.tif,31.39583333333333
A2780cis_20and30_IC25treated_Day3_25_FITC_Tile-0_A1.tif,224.39652777777775
A2780cis_20and30_IC25treated_Day3_25_FITC_Tile-0_A2.tif,315.71180555555554
A2780cis_20and30_IC25treated_Day3_25_FITC_Tile-0_A3.tif,307.60625000000005
A2780cis_20and30_IC25treated_Day3_25_FITC_Tile-0_B1.tif,339.7319444444445
A2780cis_20and30_IC25treated_Day3_25_FITC_Tile-0_B2.tif,220.12847222222223
A2780cis_20and30_IC25treated_Day3_25_FITC_Tile-0_B3.tif,410.5229166666667
A2780cis_20and30_IC25treated_Day3_25_FITC_Tile-1_A1.tif,315.43333333333334
A2780cis_20and30_IC25treated_Day3_25_FITC_Tile-1_A2.tif,286.1930555555556
A2780cis_20and30_IC25treated_Day3_25_FITC_Tile-1_A3.tif,284.36249999999995
A2780cis_20and30_IC25treated_Day3_25_FITC_Tile-1_B1.tif,218.8201388888889
A2780cis_20and30_IC25treated_Day3_25_FITC_Tile-1_B2.tif,252.62847222222223
A2780cis_20and30_IC25treated_Day3_25_FITC_Tile-1_B3.tif,310.6402777777778
A2780cis_20and30_IC25treated_Day3_25_FITC_Tile-2_A1.tif,255.0583333333333
A2780cis_20and30_IC25treated_Day3_25_FITC_Tile-2_A2.tif,218.90833333333333
A2780cis_20and30_IC25treated_Day3_25_FITC_Tile-2_A3.tif,251.0055555555556
A2780cis_20and30_IC25treated_Day3_25_FITC_Tile-2_B1.tif,460.4472222222222
A2780cis_20and30_IC25treated_Day3_25_FITC_Tile-2_B2.tif,310.2659722222222
A2780cis_20and30_IC25treated_Day3_25_FITC_Tile-2_B3.tif,306.7104166666667
A2780cis_20and30_IC25treated_Day3_25_FITC_Tile-3_A1.tif,298.3972222222222
A2780cis_20and30_IC25treated_Day3_25_FITC_Tile-3_A2.tif,247.62291666666664
A2780cis_20and30_IC25treated_Day3_25_FITC_Tile-3_A3.tif,161.54166666666666
A2780cis_20and30_IC25treated_Day3_25_FITC_Tile-3_B1.tif,219.90625
A2780cis_20and30_IC25treated_Day3_25_FITC_Tile-3_B2.tif,222.26597222222225
A2780cis_20and30_IC25treated_Day3_25_FITC_Tile-3_B3.tif,259.7423611111111
A2780cis_20and30_IC25treated_Day3_25_FITC_Tile-4_A1.tif,348.0458333333333
A2780cis_20and30_IC25treated_Day3_25_FITC_Tile-4_A2.tif,269.29791666666665
A2780cis_20and30_IC25treated_Day3_25_FITC_Tile-4_A3.tif,250.76597222222225
A2780cis_20and30_IC25treated_Day3_25_FITC_Tile-4_B1.tif,421.3548611111111
A2780cis_20and30_IC25treated_Day3_25_FITC_Tile-4_B2.tif,347.2590277777778
A2780cis_20and30_IC25treated_Day3_25_FITC_Tile-4_B3.tif,247.1083333333333
A2780cis_20and30_IC25treated_Day3_25_FITC_Tile-5_A1.tif,241.6513888888889
A2780cis_20and30_IC25treated_Day3_25_FITC_Tile-5_A2.tif,210.59444444444443
A2780cis_20and30_IC25treated_Day3_25_FITC_Tile-5_A3.tif,236.82291666666663
A2780cis_20and30_IC25treated_Day3_25_FITC_Tile-5_B1.tif,419.6479166666667
A2780cis_20and30_IC25treated_Day3_25_FITC_Tile-5_B2.tif,288.8597222222222
A2780cis_20and30_IC25treated_Day3_25_FITC_Tile-5_B3.tif,177.72500000000002
A2780cis_20and30_IC25treated_Day4_25_FITC_Tile-0_A1.tif,357.74583333333334
A2780cis_20and30_IC25treated_Day4_25_FITC_Tile-0_A2.tif,574.1104166666667
A2780cis_20and30_IC25treated_Day4_25_FITC_Tile-0_A3.tif,796.9763888888889
A2780cis_20and30_IC25treated_Day4_25_FITC_Tile-0_B1.tif,1008.5868055555557
A2780cis_20and30_IC25treated_Day4_25_FITC_Tile-0_B2.tif,514.4444444444445
A2780cis_20and30_IC25treated_Day4_25_FITC_Tile-0_B3.tif,782.3069444444444
A2780cis_20and30_IC25treated_Day4_25_FITC_Tile-1_A1.tif,598.2826388888889
A2780cis_20and30_IC25treated_Day4_25_FITC_Tile-1_A2.tif,818.2597222222222
A2780cis_20and30_IC25treated_Day4_25_FITC_Tile-1_A3.tif,667.6624999999999
A2780cis_20and30_IC25treated_Day4_25_FITC_Tile-1_B1.tif,542.3270833333333
A2780cis_20and30_IC25treated_Day4_25_FITC_Tile-1_B2.tif,559.286111111111
A2780cis_20and30_IC25treated_Day4_25_FITC_Tile-1_B3.tif,679.1291666666667
A2780cis_20and30_IC25treated_Day4_25_FITC_Tile-2_A1.tif,789.8055555555555
A2780cis_20and30_IC25treated_Day4_25_FITC_Tile-2_A2.tif,772.2756944444444
A2780cis_20and30_IC25treated_Day4_25_FITC_Tile-2_A3.tif,605.5201388888888
A2780cis_20and30_IC25treated_Day4_25_FITC_Tile-2_B1.tif,1003.575
A2780cis_20and30_IC25treated_Day4_25_FITC_Tile-2_B2.tif,741.1340277777778
A2780cis_20and30_IC25treated_Day4_25_FITC_Tile-2_B3.tif,621.5020833333333
A2780cis_20and30_IC25treated_Day4_25_FITC_Tile-3_A1.tif,703.1951388888889
A2780cis_20and30_IC25treated_Day4_25_FITC_Tile-3_A2.tif,357.7527777777778
A2780cis_20and30_IC25treated_Day4_25_FITC_Tile-3_A3.tif,409.40833333333336
A2780cis_20and30_IC25treated_Day4_25_FITC_Tile-3_B1.tif,653.7826388888889
A2780cis_20and30_IC25treated_Day4_25_FITC_Tile-3_B2.tif,526.3527777777778
A2780cis_20and30_IC25treated_Day4_25_FITC_Tile-3_B3.tif,665.5458333333333
A2780cis_20and30_IC25treated_Day4_25_FITC_Tile-4_A1.tif,775.6722222222222
A2780cis_20and30_IC25treated_Day4_25_FITC_Tile-4_A2.tif,687.0902777777778
A2780cis_20and30_IC25treated_Day4_25_FITC_Tile-4_A3.tif,545.963888888889
A2780cis_20and30_IC25treated_Day4_25_FITC_Tile-4_B1.tif,793.7916666666666
A2780cis_20and30_IC25treated_Day4_25_FITC_Tile-4_B2.tif,821.6034722222222
A2780cis_20and30_IC25treated_Day4_25_FITC_Tile-4_B3.tif,441.34722222222223
A2780cis_20and30_IC25treated_Day4_25_FITC_Tile-5_A1.tif,535.9006944444444
A2780cis_20and30_IC25treated_Day4_25_FITC_Tile-5_A2.tif,674.6319444444445
A2780cis_20and30_IC25treated_Day4_25_FITC_Tile-5_A3.tif,619.0791666666667
A2780cis_20and30_IC25treated_Day4_25_FITC_Tile-5_B1.tif,654.0125
A2780cis_20and30_IC25treated_Day4_25_FITC_Tile-5_B2.tif,649.10625
A2780cis_20and30_IC25treated_Day4_25_FITC_Tile-5_B3.tif,404.0861111111111
A2780cis_20and30_IC25treated_Day5_25_FITC_Tile-0_A1.tif,746.4034722222223
A2780cis_20and30_IC25treated_Day5_25_FITC_Tile-0_A2.tif,1318.7118055555557
A2780cis_20and30_IC25treated_Day5_25_FITC_Tile-0_A3.tif,1297.3444444444444
A2780cis_20and30_IC25treated_Day5_25_FITC_Tile-0_B1.tif,1457.2916666666667
A2780cis_20and30_IC25treated_Day5_25_FITC_Tile-0_B2.tif,832.6506944444444
A2780cis_20and30_IC25treated_Day5_25_FITC_Tile-0_B3.tif,1317.0506944444444
A2780cis_20and30_IC25treated_Day5_25_FITC_Tile-1_A1.tif,1136.275
A2780cis_20and30_IC25treated_Day5_25_FITC_Tile-1_A2.tif,1107.2847222222222
A2780cis_20and30_IC25treated_Day5_25_FITC_Tile-1_A3.tif,876.6840277777778
A2780cis_20and30_IC25treated_Day5_25_FITC_Tile-1_B1.tif,1000.20625
A2780cis_20and30_IC25treated_Day5_25_FITC_Tile-1_B2.tif,917.4618055555557
A2780cis_20and30_IC25treated_Day5_25_FITC_Tile-1_B3.tif,1171.927777777778
A2780cis_20and30_IC25treated_Day5_25_FITC_Tile-2_A1.tif,1269.4652777777778
A2780cis_20and30_IC25treated_Day5_25_FITC_Tile-2_A2.tif,1075.3777777777775
A2780cis_20and30_IC25treated_Day5_25_FITC_Tile-2_A3.tif,991.81875
A2780cis_20and30_IC25treated_Day5_25_FITC_Tile-2_B1.tif,1803.0729166666667
A2780cis_20and30_IC25treated_Day5_25_FITC_Tile-2_B2.tif,1237.9006944444443
A2780cis_20and30_IC25treated_Day5_25_FITC_Tile-2_B3.tif,1064.4895833333333
A2780cis_20and30_IC25treated_Day5_25_FITC_Tile-3_A1.tif,1087.2784722222225
A2780cis_20and30_IC25treated_Day5_25_FITC_Tile-3_A2.tif,936.765972222222
A2780cis_20and30_IC25treated_Day5_25_FITC_Tile-3_A3.tif,581.1965277777778
A2780cis_20and30_IC25treated_Day5_25_FITC_Tile-3_B1.tif,1034.7020833333331
A2780cis_20and30_IC25treated_Day5_25_FITC_Tile-3_B2.tif,858.9631944444444
A2780cis_20and30_IC25treated_Day5_25_FITC_Tile-3_B3.tif,1176.177777777778
A2780cis_20and30_IC25treated_Day5_25_FITC_Tile-4_A1.tif,1446.6854166666667
A2780cis_20and30_IC25treated_Day5_25_FITC_Tile-4_A2.tif,1279.69375
A2780cis_20and30_IC25treated_Day5_25_FITC_Tile-4_A3.tif,1100.31875
A2780cis_20and30_IC25treated_Day5_25_FITC_Tile-4_B1.tif,1633.0201388888888
A2780cis_20and30_IC25treated_Day5_25_FITC_Tile-4_B2.tif,1448.1493055555557
A2780cis_20and30_IC25treated_Day5_25_FITC_Tile-4_B3.tif,719.5791666666667
A2780cis_20and30_IC25treated_Day5_25_FITC_Tile-5_A1.tif,880.5430555555555
A2780cis_20and30_IC25treated_Day5_25_FITC_Tile-5_A2.tif,788.0562500000001
A2780cis_20and30_IC25treated_Day5_25_FITC_Tile-5_A3.tif,1082.8131944444444
A2780cis_20and30_IC25treated_Day5_25_FITC_Tile-5_B1.tif,1556.7902777777776
A2780cis_20and30_IC25treated_Day5_25_FITC_Tile-5_B2.tif,1049.8479166666666
A2780cis_20and30_IC25treated_Day5_25_FITC_Tile-5_B3.tif,797.1138888888888
A2780cis_20and30_IC25treated_Day6_25_FITC_Tile-0_A1.tif,1530.1145833333333
A2780cis_20and30_IC25treated_Day6_25_FITC_Tile-0_A2.tif,1684.4180555555556
A2780cis_20and30_IC25treated_Day6_25_FITC_Tile-0_A3.tif,1616.4847222222222
A2780cis_20and30_IC25treated_Day6_25_FITC_Tile-0_B1.tif,1484.4055555555556
A2780cis_20and30_IC25treated_Day6_25_FITC_Tile-0_B2.tif,1171.5041666666666
A2780cis_20and30_IC25treated_Day6_25_FITC_Tile-0_B3.tif,1307.1319444444443
A2780cis_20and30_IC25treated_Day6_25_FITC_Tile-1_A1.tif,1771.5965277777775
A2780cis_20and30_IC25treated_Day6_25_FITC_Tile-1_A2.tif,1623.6909722222222
A2780cis_20and30_IC25treated_Day6_25_FITC_Tile-1_A3.tif,1443.648611111111
A2780cis_20and30_IC25treated_Day6_25_FITC_Tile-1_B1.tif,1235.0819444444444
A2780cis_20and30_IC25treated_Day6_25_FITC_Tile-1_B2.tif,957.0583333333332
A2780cis_20and30_IC25treated_Day6_25_FITC_Tile-1_B3.tif,1255.4798611111112
A2780cis_20and30_IC25treated_Day6_25_FITC_Tile-2_A1.tif,1851.511805555556
A2780cis_20and30_IC25treated_Day6_25_FITC_Tile-2_A2.tif,1967.9625
A2780cis_20and30_IC25treated_Day6_25_FITC_Tile-2_A3.tif,1658.1020833333334
A2780cis_20and30_IC25treated_Day6_25_FITC_Tile-2_B1.tif,1972.999305555556
A2780cis_20and30_IC25treated_Day6_25_FITC_Tile-2_B2.tif,1636.9388888888889
A2780cis_20and30_IC25treated_Day6_25_FITC_Tile-2_B3.tif,1286.9145833333334
A2780cis_20and30_IC25treated_Day6_25_FITC_Tile-3_A1.tif,2032.3229166666667
A2780cis_20and30_IC25treated_Day6_25_FITC_Tile-3_A2.tif,1336.8451388888889
A2780cis_20and30_IC25treated_Day6_25_FITC_Tile-3_A3.tif,1102.8333333333333
A2780cis_20and30_IC25treated_Day6_25_FITC_Tile-3_B1.tif,1097.0986111111113
A2780cis_20and30_IC25treated_Day6_25_FITC_Tile-3_B2.tif,959.7423611111112
A2780cis_20and30_IC25treated_Day6_25_FITC_Tile-3_B3.tif,1343.6069444444445
A2780cis_20and30_IC25treated_Day6_25_FITC_Tile-4_A1.tif,2068.328472222222
A2780cis_20and30_IC25treated_Day6_25_FITC_Tile-4_A2.tif,1991.2104166666663
A2780cis_20and30_IC25treated_Day6_25_FITC_Tile-4_A3.tif,1604.1819444444443
A2780cis_20and30_IC25treated_Day6_25_FITC_Tile-4_B1.tif,1750.2993055555555
A2780cis_20and30_IC25treated_Day6_25_FITC_Tile-4_B2.tif,1292.4694444444444
A2780cis_20and30_IC25treated_Day6_25_FITC_Tile-4_B3.tif,1223.31875
A2780cis_20and30_IC25treated_Day6_25_FITC_Tile-5_A1.tif,1392.5326388888889
A2780cis_20and30_IC25treated_Day6_25_FITC_Tile-5_A2.tif,1325.86875
A2780cis_20and30_IC25treated_Day6_25_FITC_Tile-5_A3.tif,1598.1361111111112
A2780cis_20and30_IC25treated_Day6_25_FITC_Tile-5_B1.tif,1724.8368055555557
A2780cis_20and30_IC25treated_Day6_25_FITC_Tile-5_B2.tif,1418.6548611111111
A2780cis_20and30_IC25treated_Day6_25_FITC_Tile-5_B3.tif,1152.5423611111112
A2780cis_20and30_IC25treated_Day7_25_FITC_Tile-0_A1.tif,1532.6541666666667
A2780cis_20and30_IC25treated_Day7_25_FITC_Tile-0_A2.tif,1868.5875
A2780cis_20and30_IC25treated_Day7_25_FITC_Tile-0_A3.tif,1889.3909722222224
A2780cis_20and30_IC25treated_Day7_25_FITC_Tile-0_B1.tif,1804.4173611111112
A2780cis_20and30_IC25treated_Day7_25_FITC_Tile-0_B2.tif,1898.1201388888887
A2780cis_20and30_IC25treated_Day7_25_FITC_Tile-0_B3.tif,1768.2770833333334
A2780cis_20and30_IC25treated_Day7_25_FITC_Tile-1_A1.tif,1666.2180555555556
A2780cis_20and30_IC25treated_Day7_25_FITC_Tile-1_A2.tif,2294.4006944444445
A2780cis_20and30_IC25treated_Day7_25_FITC_Tile-1_A3.tif,1587.0993055555557
A2780cis_20and30_IC25treated_Day7_25_FITC_Tile-1_B1.tif,1702.795138888889
A2780cis_20and30_IC25treated_Day7_25_FITC_Tile-1_B2.tif,1631.6270833333333
A2780cis_20and30_IC25treated_Day7_25_FITC_Tile-1_B3.tif,1874.406944444444
A2780cis_20and30_IC25treated_Day7_25_FITC_Tile-2_A1.tif,2126.238194444444
A2780cis_20and30_IC25treated_Day7_25_FITC_Tile-2_A2.tif,2147.295833333333
A2780cis_20and30_IC25treated_Day7_25_FITC_Tile-2_A3.tif,2010.263888888889
A2780cis_20and30_IC25treated_Day7_25_FITC_Tile-2_B1.tif,2111.1736111111118
A2780cis_20and30_IC25treated_Day7_25_FITC_Tile-2_B2.tif,2468.8840277777776
A2780cis_20and30_IC25treated_Day7_25_FITC_Tile-2_B3.tif,1984.667361111111
A2780cis_20and30_IC25treated_Day7_25_FITC_Tile-3_A1.tif,2147.073611111111
A2780cis_20and30_IC25treated_Day7_25_FITC_Tile-3_A2.tif,1704.2868055555557
A2780cis_20and30_IC25treated_Day7_25_FITC_Tile-3_A3.tif,1075.586111111111
A2780cis_20and30_IC25treated_Day7_25_FITC_Tile-3_B1.tif,1636.2930555555556
A2780cis_20and30_IC25treated_Day7_25_FITC_Tile-3_B2.tif,1552.8083333333334
A2780cis_20and30_IC25treated_Day7_25_FITC_Tile-3_B3.tif,1987.252777777778
A2780cis_20and30_IC25treated_Day7_25_FITC_Tile-4_A1.tif,2456.99375
A2780cis_20and30_IC25treated_Day7_25_FITC_Tile-4_A2.tif,2251.5944444444444
A2780cis_20and30_IC25treated_Day7_25_FITC_Tile-4_A3.tif,1739.50625
A2780cis_20and30_IC25treated_Day7_25_FITC_Tile-4_B1.tif,1750.8493055555557
A2780cis_20and30_IC25treated_Day7_25_FITC_Tile-4_B2.tif,1956.9291666666663
A2780cis_20and30_IC25treated_Day7_25_FITC_Tile-4_B3.tif,2027.1770833333333
A2780cis_20and30_IC25treated_Day7_25_FITC_Tile-5_A1.tif,1785.179861111111
A2780cis_20and30_IC25treated_Day7_25_FITC_Tile-5_A2.tif,1823.8875
A2780cis_20and30_IC25treated_Day7_25_FITC_Tile-5_A3.tif,1892.011111111111
A2780cis_20and30_IC25treated_Day7_25_FITC_Tile-5_B1.tif,1729.1715277777778
A2780cis_20and30_IC25treated_Day7_25_FITC_Tile-5_B2.tif,2234.734722222222
A2780cis_20and30_IC25treated_Day7_25_FITC_Tile-5_B3.tif,1752.0909722222225
A2780cis_20and30_IC25treated_Day8_25_FITC_Tile-0_A1.tif,1331.2930555555556
A2780cis_20and30_IC25treated_Day8_25_FITC_Tile-0_A2.tif,1650.9701388888889
A2780cis_20and30_IC25treated_Day8_25_FITC_Tile-0_A3.tif,1770.351388888889
A2780cis_20and30_IC25treated_Day8_25_FITC_Tile-0_B1.tif,1643.9791666666667
A2780cis_20and30_IC25treated_Day8_25_FITC_Tile-0_B2.tif,1563.2875
A2780cis_20and30_IC25treated_Day8_25_FITC_Tile-0_B3.tif,1438.4319444444443
A2780cis_20and30_IC25treated_Day8_25_FITC_Tile-1_A1.tif,1298.5784722222222
A2780cis_20and30_IC25treated_Day8_25_FITC_Tile-1_A2.tif,1852.761111111111
A2780cis_20and30_IC25treated_Day8_25_FITC_Tile-1_A3.tif,1318.7118055555557
A2780cis_20and30_IC25treated_Day8_25_FITC_Tile-1_B1.tif,1491.1138888888888
A2780cis_20and30_IC25treated_Day8_25_FITC_Tile-1_B2.tif,1386.2791666666667
A2780cis_20and30_IC25treated_Day8_25_FITC_Tile-1_B3.tif,1546.4381944444444
A2780cis_20and30_IC25treated_Day8_25_FITC_Tile-2_A1.tif,1571.59375
A2780cis_20and30_IC25treated_Day8_25_FITC_Tile-2_A2.tif,2068.949305555556
A2780cis_20and30_IC25treated_Day8_25_FITC_Tile-2_A3.tif,1588.0944444444444
A2780cis_20and30_IC25treated_Day8_25_FITC_Tile-2_B1.tif,1814.5013888888889
A2780cis_20and30_IC25treated_Day8_25_FITC_Tile-2_B2.tif,2172.440972222222
A2780cis_20and30_IC25treated_Day8_25_FITC_Tile-2_B3.tif,1676.8000000000002
A2780cis_20and30_IC25treated_Day8_25_FITC_Tile-3_A1.tif,1874.6576388888889
A2780cis_20and30_IC25treated_Day8_25_FITC_Tile-3_A2.tif,1538.9145833333334
A2780cis_20and30_IC25treated_Day8_25_FITC_Tile-3_A3.tif,930.925
A2780cis_20and30_IC25treated_Day8_25_FITC_Tile-3_B1.tif,1497.2479166666667
A2780cis_20and30_IC25treated_Day8_25_FITC_Tile-3_B2.tif,1469.7354166666669
A2780cis_20and30_IC25treated_Day8_25_FITC_Tile-3_B3.tif,1644.3881944444445
A2780cis_20and30_IC25treated_Day8_25_FITC_Tile-4_A1.tif,2138.95
A2780cis_20and30_IC25treated_Day8_25_FITC_Tile-4_A2.tif,2010.0840277777777
A2780cis_20and30_IC25treated_Day8_25_FITC_Tile-4_A3.tif,1853.3673611111112
A2780cis_20and30_IC25treated_Day8_25_FITC_Tile-4_B1.tif,1545.1826388888887
A2780cis_20and30_IC25treated_Day8_25_FITC_Tile-4_B2.tif,1627.2354166666669
A2780cis_20and30_IC25treated_Day8_25_FITC_Tile-4_B3.tif,1688.4708333333333
A2780cis_20and30_IC25treated_Day8_25_FITC_Tile-5_A1.tif,1646.459027777778
A2780cis_20and30_IC25treated_Day8_25_FITC_Tile-5_A2.tif,1614.4638888888887
A2780cis_20and30_IC25treated_Day8_25_FITC_Tile-5_A3.tif,1476.1097222222222
A2780cis_20and30_IC25treated_Day8_25_FITC_Tile-5_B1.tif,1566.236111111111
A2780cis_20and30_IC25treated_Day8_25_FITC_Tile-5_B2.tif,1688.6437500000002
A2780cis_20and30_IC25treated_Day8_25_FITC_Tile-5_B3.tif,1450.9854166666669
A2780cis_20and30_IC25treated_Day9_25_FITC_Tile-0_A1.tif,2113.311111111111
A2780cis_20and30_IC25treated_Day9_25_FITC_Tile-0_A2.tif,2783.0756944444447
A2780cis_20and30_IC25treated_Day9_25_FITC_Tile-0_A3.tif,2249.753472222222
A2780cis_20and30_IC25treated_Day9_25_FITC_Tile-0_B1.tif,2459.039583333333
A2780cis_20and30_IC25treated_Day9_25_FITC_Tile-0_B2.tif,2080.702083333333
A2780cis_20and30_IC25treated_Day9_25_FITC_Tile-0_B3.tif,2416.1312500000004
A2780cis_20and30_IC25treated_Day9_25_FITC_Tile-1_A1.tif,2435.886805555556
A2780cis_20and30_IC25treated_Day9_25_FITC_Tile-1_A2.tif,2235.065972222222
A2780cis_20and30_IC25treated_Day9_25_FITC_Tile-1_A3.tif,2046.993055555556
A2780cis_20and30_IC25treated_Day9_25_FITC_Tile-1_B1.tif,2163.146527777777
A2780cis_20and30_IC25treated_Day9_25_FITC_Tile-1_B2.tif,2414.670833333333
A2780cis_20and30_IC25treated_Day9_25_FITC_Tile-1_B3.tif,2231.85625
A2780cis_20and30_IC25treated_Day9_25_FITC_Tile-2_A1.tif,2925.055555555556
A2780cis_20and30_IC25treated_Day9_25_FITC_Tile-2_A2.tif,2773.66875
A2780cis_20and30_IC25treated_Day9_25_FITC_Tile-2_A3.tif,2267.907638888889
A2780cis_20and30_IC25treated_Day9_25_FITC_Tile-2_B1.tif,2706.429861111111
A2780cis_20and30_IC25treated_Day9_25_FITC_Tile-2_B2.tif,2138.675
A2780cis_20and30_IC25treated_Day9_25_FITC_Tile-2_B3.tif,2518.289583333333
A2780cis_20and30_IC25treated_Day9_25_FITC_Tile-3_A1.tif,2720.983333333333
A2780cis_20and30_IC25treated_Day9_25_FITC_Tile-3_A2.tif,2123.0493055555557
A2780cis_20and30_IC25treated_Day9_25_FITC_Tile-3_A3.tif,2382.164583333333
A2780cis_20and30_IC25treated_Day9_25_FITC_Tile-3_B1.tif,2229.292361111111
A2780cis_20and30_IC25treated_Day9_25_FITC_Tile-3_B2.tif,2783.8659722222224
A2780cis_20and30_IC25treated_Day9_25_FITC_Tile-3_B3.tif,2307.0666666666666
A2780cis_20and30_IC25treated_Day9_25_FITC_Tile-4_A1.tif,2619.117361111111
A2780cis_20and30_IC25treated_Day9_25_FITC_Tile-4_A2.tif,2194.302777777777
A2780cis_20and30_IC25treated_Day9_25_FITC_Tile-4_A3.tif,2721.184027777778
A2780cis_20and30_IC25treated_Day9_25_FITC_Tile-4_B1.tif,2448.457638888889
A2780cis_20and30_IC25treated_Day9_25_FITC_Tile-4_B2.tif,3022.772916666667
A2780cis_20and30_IC25treated_Day9_25_FITC_Tile-4_B3.tif,2564.5451388888887
A2780cis_20and30_IC25treated_Day9_25_FITC_Tile-5_A1.tif,2139.796527777778
A2780cis_20and30_IC25treated_Day9_25_FITC_Tile-5_A2.tif,1861.159027777778
A2780cis_20and30_IC25treated_Day9_25_FITC_Tile-5_A3.tif,2435.636805555556
A2780cis_20and30_IC25treated_Day9_25_FITC_Tile-5_B1.tif,2304.128472222222
A2780cis_20and30_IC25treated_Day9_25_FITC_Tile-5_B2.tif,2589.0625
A2780cis_20and30_IC25treated_Day9_25_FITC_Tile-5_B3.tif,2204.520833333333
